title,company,location,link
Angular Full Stack Developer (Contractor Position),AOT Technologies,"Remote in Victoria, BC",https://ca.indeed.com/viewjob?jk=ae5ba27cd64fa047
Front End Developer,LoKnow,"Hybrid remote in Victoria, BC",https://ca.indeed.com/viewjob?jk=e08de7a95c9f8458
full stack developer,Quartech Systems Ltd,"Remote in Victoria, BC",https://ca.indeed.com/viewjob?jk=eda336047b7681d4
Junior Full Stack Developer,RFDM Solutions Inc.,"Remote in Victoria, BC",https://ca.indeed.com/viewjob?jk=307cde27a270386c
Intermediate Software Developer,LoKnow,"Hybrid remote in Victoria, BC",https://ca.indeed.com/viewjob?jk=63e6bb5be059bb43
.NET Full Stack Developer (Contractor Position),AOT Technologies,"Remote in Victoria, BC",https://ca.indeed.com/viewjob?jk=3cffe928ece87ba0
Web developer,eBuyNow eCommerce Ltd,"Victoria, BC",https://ca.indeed.com/viewjob?jk=bbf73795aac99328
Student Internship Web Designer & Developer,Animikii,"Remote in Victoria, BC",https://ca.indeed.com/viewjob?jk=3b16829ddda6bc01
Dot Net Developer (Remote),Deloitte,"Remote in Victoria, BC",https://ca.indeed.com/viewjob?jk=87010c41296ebbcc
Frontend Developer (Remote),Pathcore,Remote in Canada,https://ca.indeed.com/viewjob?jk=eb111f539b38c614
Junior Software Developer,North Orca Technologies Inc,"Victoria, BC",https://ca.indeed.com/viewjob?jk=541016f50896cffd
Full Stack Developer,ActiveBoard,"Remote in Victoria, BC",https://ca.indeed.com/viewjob?jk=9879880dbad6cf13
"Junior Web Developer - Gain Group of Companies - Victoria, BC",GAIN Group of Companies,British Columbia,https://ca.indeed.com/viewjob?jk=590e0436244e92fc
Intermediate Web Developer,AdButler,"Victoria, BC",https://ca.indeed.com/viewjob?jk=24b86b37e86391a0
Java Full Stack Developer (Contractor Position),AOT Technologies,"Remote in Victoria, BC",https://ca.indeed.com/viewjob?jk=4da6a2bda1d4a2fd
Full Stack Developer,Rimex Supply Ltd.,"Victoria, BC",https://ca.indeed.com/viewjob?jk=02d206da11e6d36d
Sr. Full Stack Developer,AOT Technologies,"Victoria, BC",https://ca.indeed.com/viewjob?jk=3c635b9d0bf7e79e
Drupal Developer,CGI,"Victoria, BC",https://ca.indeed.com/viewjob?jk=ddd40a437d91f5f7
National Applications Analyst (Web Developer),JDRF Canada,"Temporarily Remote in Victoria, BC",https://ca.indeed.com/viewjob?jk=939dda3370e58def
Intermediate Full Stack Developer,Copperstone Connect,"Remote in Victoria, BC",https://ca.indeed.com/viewjob?jk=ec283bb6d463b0c6
Front-End Software Developer,Reliable Controls,"Victoria, BC",https://ca.indeed.com/viewjob?jk=d067ac916ae2b388
Web Designer (In House),DM contact Management,"Victoria, BC",https://ca.indeed.com/viewjob?jk=428a8db3fcdbcab0
Entry Level Developer,Fresche Solutions,"Sidney, BC",https://ca.indeed.com/viewjob?jk=26a716f6cbaf718b
Full-Stack Developer,Audiencemob Technologies,"Victoria, BC",https://ca.indeed.com/viewjob?jk=d41f4e0627f461a2
Full Stack JavaScript developer (mobile team) â€“ intermediate to senior level only,Plexxis Software,"Victoria, BC",https://ca.indeed.com/viewjob?jk=7b5b0f96687ab086
Full Stack Software Developer,Giftbit,"Remote in Victoria, BC",https://ca.indeed.com/viewjob?jk=607964d04f7f00c8
C# Software Developer,Reliable Controls,"Victoria, BC",https://ca.indeed.com/viewjob?jk=570eec824dce25f7
Intermediate Developer - PHP,Kano/Apps,"Remote in Victoria, BC",https://ca.indeed.com/viewjob?jk=ead376cbd3b70e72
Full Stack Web Developer,Arcurve Inc.,"Hybrid remote in Victoria, BC",https://ca.indeed.com/viewjob?jk=6c4a9a433dae21d3
Senior Software Developer,Mitacs,"Victoria, BC",https://ca.indeed.com/viewjob?jk=a72970d5f9a4ba79
HTML/CSS Developer,Recruiting From Scratch,"Remote in Victoria, BC",https://ca.indeed.com/viewjob?jk=d326ca52346ceaa7
Senior Frontend Engineer (Remote Payments Startup),Recruiting From Scratch,"Remote in Victoria, BC",https://ca.indeed.com/viewjob?jk=2b40d47370b341c6
DevOps / Site Reliability Engineer,Legible Media Inc.,"Remote in Victoria, BC",https://ca.indeed.com/viewjob?jk=95a40f6de4ff2fd0
Front End Engineer (React),Recruiting From Scratch,"Remote in Victoria, BC",https://ca.indeed.com/viewjob?jk=925f3c58a94bf070
Javaee Software Engineer,Avato Systems Inc.,"Remote in Victoria, BC",https://ca.indeed.com/viewjob?jk=d1b3360799f5833e
Full Stack Developer,James Evans and Associates (JEA),"Remote in Victoria, BC",https://ca.indeed.com/viewjob?jk=deab4fb5e19589dc
Full Stack Developer,Cuboh,"Victoria, BC",https://ca.indeed.com/viewjob?jk=fd9789ccbba15309
Dot Net Developer (Remote),Ouest,"Remote in Victoria, BC",https://ca.indeed.com/viewjob?jk=f7b8797953e8f1e3
"Senior Software Engineer, Distributed Systems (DeFi Market-Maker)",Recruiting From Scratch,"Remote in Victoria, BC",https://ca.indeed.com/viewjob?jk=7096e94ef470e805
"Senior Developer (Python, Javascript)",TELUS International,British Columbia,https://ca.indeed.com/viewjob?jk=6c699d4f81dab3ef
Senior Frontend Engineer (Series C Blockchain Company),Recruiting From Scratch,"Remote in Victoria, BC",https://ca.indeed.com/viewjob?jk=146b2cd3324ba660
Full Stack Developer,Culture Foundry,"Remote in Victoria, BC",https://ca.indeed.com/viewjob?jk=63603dfcaa9dbb01
Intermediate Software Developer,Checkfront,"Remote in Victoria, BC",https://ca.indeed.com/viewjob?jk=2259b74ab42c038a
"Senior Frontend Engineer (Typescript, Node, React)",Recruiting From Scratch,"Remote in Victoria, BC",https://ca.indeed.com/viewjob?jk=73ccc370d72da0f5
Senior Developer,Babcock International,"Victoria, BC",https://ca.indeed.com/viewjob?jk=0d44dca8b83f6039
Full Stack Developer,Vivid Solutions,"Victoria, BC",https://ca.indeed.com/viewjob?jk=42803b535d09223e
Senior Full Stack Developer,Animikii,"Remote in Victoria, BC",https://ca.indeed.com/viewjob?jk=3b1d0fc76792cbc9
Senior Full Stack Developer,Arrow Transportation Systems Inc.,British Columbia,https://ca.indeed.com/viewjob?jk=8c0695f94a45404a
Full Stack Developer,NTT DATA,"Victoria, BC",https://ca.indeed.com/viewjob?jk=1c2ca7d8ed3e12f0
Senior Software Engineer,OfficeSpace Software,"Remote in Victoria, BC",https://ca.indeed.com/viewjob?jk=82491c634508c4bf
"Front End Engineer, University Grad",Meta,"Seattle, WA",https://www.linkedin.com/jobs/view/front-end-engineer-university-grad-at-meta-2928664267?refId=Po%2Br3Way%2Ff5E%2BAfaXwv%2BaA%3D%3D&trackingId=w1Duqba2KERiDv7t0gxTXA%3D%3D&position=1&pageNum=0&trk=public_jobs_jserp-result_search-card
Junior Full Stack Developer,RFDM Solutions,"Victoria, British Columbia, Canada",https://ca.linkedin.com/jobs/view/junior-full-stack-developer-at-rfdm-solutions-2921481140?refId=Po%2Br3Way%2Ff5E%2BAfaXwv%2BaA%3D%3D&trackingId=d%2F1Mlo%2BlPK56QMdsoOj%2Fhw%3D%3D&position=2&pageNum=0&trk=public_jobs_jserp-result_search-card
"Web Engineer, Front End",Palantir Technologies,"Seattle, WA",https://www.linkedin.com/jobs/view/web-engineer-front-end-at-palantir-technologies-2916492459?refId=Po%2Br3Way%2Ff5E%2BAfaXwv%2BaA%3D%3D&trackingId=aE1AP%2F3mOj0k4Krth7KxUg%3D%3D&position=3&pageNum=0&trk=public_jobs_jserp-result_search-card
"Front-End, Software Developer",Limeade,"Seattle, WA",https://www.linkedin.com/jobs/view/front-end-software-developer-at-limeade-2924019781?refId=Po%2Br3Way%2Ff5E%2BAfaXwv%2BaA%3D%3D&trackingId=6IAmhJ4vHTB79B2kWgdMPw%3D%3D&position=4&pageNum=0&trk=public_jobs_jserp-result_search-card
"Software Engineer, Front End - Financial Services",Tesla,"Bellevue, WA",https://www.linkedin.com/jobs/view/software-engineer-front-end-financial-services-at-tesla-2894185094?refId=Po%2Br3Way%2Ff5E%2BAfaXwv%2BaA%3D%3D&trackingId=twSWk7rzY18gTQSXwOsuMA%3D%3D&position=5&pageNum=0&trk=public_jobs_jserp-result_search-card
Front-End Developer,Olla,"Seattle, WA",https://www.linkedin.com/jobs/view/front-end-developer-at-olla-2926813940?refId=Po%2Br3Way%2Ff5E%2BAfaXwv%2BaA%3D%3D&trackingId=L5ZCehiqyLGGqOvALmBXHw%3D%3D&position=6&pageNum=0&trk=public_jobs_jserp-result_search-card
Web Developer,Guessfit,"Vancouver, British Columbia, Canada",https://ca.linkedin.com/jobs/view/web-developer-at-guessfit-2923426151?refId=Po%2Br3Way%2Ff5E%2BAfaXwv%2BaA%3D%3D&trackingId=o%2F8hrTYYn1mHvOMZSzG7vw%3D%3D&position=7&pageNum=0&trk=public_jobs_jserp-result_search-card
Junior Web Developer,O2E Brands,"Vancouver, British Columbia, Canada",https://ca.linkedin.com/jobs/view/junior-web-developer-at-o2e-brands-2927648048?refId=Po%2Br3Way%2Ff5E%2BAfaXwv%2BaA%3D%3D&trackingId=Q87thAkt%2Fg687UxdEhqnGg%3D%3D&position=8&pageNum=0&trk=public_jobs_jserp-result_search-card
"Front End Engineer, Apple Media Products",Apple,"Seattle, WA",https://www.linkedin.com/jobs/view/front-end-engineer-apple-media-products-at-apple-2924072781?refId=Po%2Br3Way%2Ff5E%2BAfaXwv%2BaA%3D%3D&trackingId=HJnWgzzBAMU7jcMw6tB%2FYg%3D%3D&position=9&pageNum=0&trk=public_jobs_jserp-result_search-card
Frontend Software Engineer,Oliver Space,"Seattle, WA",https://www.linkedin.com/jobs/view/frontend-software-engineer-at-oliver-space-2924747498?refId=Po%2Br3Way%2Ff5E%2BAfaXwv%2BaA%3D%3D&trackingId=%2FfIRC2J4%2FYAp1cnqyy%2FFXg%3D%3D&position=10&pageNum=0&trk=public_jobs_jserp-result_search-card
Front-End Engineer,Amazon,"Seattle, WA",https://www.linkedin.com/jobs/view/front-end-engineer-at-amazon-2911749669?refId=Po%2Br3Way%2Ff5E%2BAfaXwv%2BaA%3D%3D&trackingId=a1e1vBaDhdUMydO9C33xzQ%3D%3D&position=11&pageNum=0&trk=public_jobs_jserp-result_search-card
Front End Engineer (React),Recruiting from Scratch,"Esquimalt, British Columbia, Canada",https://ca.linkedin.com/jobs/view/front-end-engineer-react-at-recruiting-from-scratch-2928610544?refId=Po%2Br3Way%2Ff5E%2BAfaXwv%2BaA%3D%3D&trackingId=YKwn9MIYntkIrLbrAe8w5A%3D%3D&position=12&pageNum=0&trk=public_jobs_jserp-result_search-card
Web Developer,"Niantic, Inc.",Greater Seattle Area,https://www.linkedin.com/jobs/view/web-developer-at-niantic-inc-2914964439?refId=Po%2Br3Way%2Ff5E%2BAfaXwv%2BaA%3D%3D&trackingId=81E2wbWfxL33Uq0sqBhOmg%3D%3D&position=13&pageNum=0&trk=public_jobs_jserp-result_search-card
Front End Engineer,Wyze,"Kirkland, WA",https://www.linkedin.com/jobs/view/front-end-engineer-at-wyze-2899179350?refId=Po%2Br3Way%2Ff5E%2BAfaXwv%2BaA%3D%3D&trackingId=Qvpj2%2BEI%2FAbWERXPYYtEqg%3D%3D&position=14&pageNum=0&trk=public_jobs_jserp-result_search-card
Frontend Developer,Rishmay Tech,"Bellevue, WA",https://www.linkedin.com/jobs/view/frontend-developer-at-rishmay-tech-2923827732?refId=Po%2Br3Way%2Ff5E%2BAfaXwv%2BaA%3D%3D&trackingId=TyVwnycNA2pjnPYva5llXA%3D%3D&position=15&pageNum=0&trk=public_jobs_jserp-result_search-card
Junior Web Developer DS4Y,Graphem Solutions Inc.,"Burnaby, British Columbia, Canada",https://ca.linkedin.com/jobs/view/junior-web-developer-ds4y-at-graphem-solutions-inc-2903341270?refId=Po%2Br3Way%2Ff5E%2BAfaXwv%2BaA%3D%3D&trackingId=bixSyJdRdrVz1VLtnix4SA%3D%3D&position=16&pageNum=0&trk=public_jobs_jserp-result_search-card
Frontend Engineer - All Teams,Lyft,"Seattle, WA",https://www.linkedin.com/jobs/view/frontend-engineer-all-teams-at-lyft-2739484975?refId=Po%2Br3Way%2Ff5E%2BAfaXwv%2BaA%3D%3D&trackingId=9dZCcexTHT3Q44pz8vCBCw%3D%3D&position=17&pageNum=0&trk=public_jobs_jserp-result_search-card
"Front End Engineer, Training & Quality",Amazon,"Seattle, WA",https://www.linkedin.com/jobs/view/front-end-engineer-training-quality-at-amazon-2798018365?refId=Po%2Br3Way%2Ff5E%2BAfaXwv%2BaA%3D%3D&trackingId=dXTuGO%2FYGxm1Ed%2BRLO6Pjg%3D%3D&position=18&pageNum=0&trk=public_jobs_jserp-result_search-card
Frontend Developer,Picovoice,"Vancouver, British Columbia, Canada",https://ca.linkedin.com/jobs/view/frontend-developer-at-picovoice-2923884322?refId=Po%2Br3Way%2Ff5E%2BAfaXwv%2BaA%3D%3D&trackingId=rcrdGZSxwOsuo9uFhEO50Q%3D%3D&position=19&pageNum=0&trk=public_jobs_jserp-result_search-card
Front-end Software Engineer,CarbonPlan,"Seattle, WA",https://www.linkedin.com/jobs/view/front-end-software-engineer-at-carbonplan-2926487641?refId=Po%2Br3Way%2Ff5E%2BAfaXwv%2BaA%3D%3D&trackingId=QySLPl3MYGaP8YtPXPtnEw%3D%3D&position=20&pageNum=0&trk=public_jobs_jserp-result_search-card
Front End Engineer,Amazon,"Vancouver, British Columbia, Canada",https://ca.linkedin.com/jobs/view/front-end-engineer-at-amazon-2919020096?refId=Po%2Br3Way%2Ff5E%2BAfaXwv%2BaA%3D%3D&trackingId=KEdwMB3wHt%2FNHq1jGWZUqw%3D%3D&position=21&pageNum=0&trk=public_jobs_jserp-result_search-card
WEB DEVELOPER,University of Washington,"Seattle, WA",https://www.linkedin.com/jobs/view/web-developer-at-university-of-washington-2900325829?refId=Po%2Br3Way%2Ff5E%2BAfaXwv%2BaA%3D%3D&trackingId=5cSCiHH21iKL6OEvYf%2FTBw%3D%3D&position=22&pageNum=0&trk=public_jobs_jserp-result_search-card
Frontend Software Engineer,Nori,"Seattle, WA",https://www.linkedin.com/jobs/view/frontend-software-engineer-at-nori-2891579455?refId=Po%2Br3Way%2Ff5E%2BAfaXwv%2BaA%3D%3D&trackingId=nnYhAy48bdnsWpYRKTlFhw%3D%3D&position=23&pageNum=0&trk=public_jobs_jserp-result_search-card
Front End Engineer,Amazon,"Seattle, WA",https://www.linkedin.com/jobs/view/front-end-engineer-at-amazon-2922189983?refId=Po%2Br3Way%2Ff5E%2BAfaXwv%2BaA%3D%3D&trackingId=J%2FTVee6H%2B7yNjMOWCOVp5w%3D%3D&position=24&pageNum=0&trk=public_jobs_jserp-result_search-card
Front End Developer (work from home),American Red Cross,"Seattle, WA",https://www.linkedin.com/jobs/view/front-end-developer-work-from-home-at-american-red-cross-2910119534?refId=Po%2Br3Way%2Ff5E%2BAfaXwv%2BaA%3D%3D&trackingId=rDxL3GU2ZsUUMSbTag%2Bpxg%3D%3D&position=25&pageNum=0&trk=public_jobs_jserp-result_search-card
